scene,scenario,mode,seed,frame,region,reference_key,reference_converged,rmse,nrmse,rmae,relative_luminance_offset,gpu_ms
arcade,motion,combined,1,1,full,9e65290c8bd00f4f3904cfb7,True,0.015022224679897422,0.2680067592946406,0.287946198763944,-0.00477937393319562,26.5328642
arcade,motion,combined,1,32,full,9e65290c8bd00f4f3904cfb7,True,0.019177736874324315,0.34214393805272825,0.2254110450519791,-0.004898872281558653,13.4789124
arcade,motion,combined,1,33,full,62da9b4666a0936c54cc0cc1,True,0.017188508668910987,0.3065817262442501,0.22618778147987192,-0.005813704379434394,12.6689281
arcade,motion,combined,1,64,full,9fb2ff44cf20dd0771da4c0d,True,0.016696179169356676,0.3051768582153496,0.236300666940503,-0.009504395671163558,12.9955839
arcade,motion,combined,1,96,full,ba8fb7a0d70c0c68548cae7e,True,0.016599434106122385,0.30358816675228734,0.24547022869044766,-0.010960166287271735,13.8444798
arcade,motion,combined,1,97,full,ba8fb7a0d70c0c68548cae7e,True,0.016645265439860148,0.3044263790973773,0.24488159741521295,-0.01111298881466867,13.2198399
arcade,motion,combined,1,128,full,ba8fb7a0d70c0c68548cae7e,True,0.016503447665771675,0.3018326642892003,0.246921315167824,-0.0055463371390507814,14.4127999
arcade,motion,initial,1,1,full,9e65290c8bd00f4f3904cfb7,True,0.021347610045466994,0.3808559590130156,0.4301358523838816,-0.004763100916592215,20.1287679
arcade,motion,initial,1,32,full,9e65290c8bd00f4f3904cfb7,True,0.02150827658805553,0.38372235998382853,0.4310093466624138,-0.004302299121136897,7.89504033
arcade,motion,initial,1,33,full,62da9b4666a0936c54cc0cc1,True,0.021456511563202878,0.38270768458955695,0.4317724201629042,-0.0037283270178801483,8.15513637
arcade,motion,initial,1,64,full,9fb2ff44cf20dd0771da4c0d,True,0.020689293815314688,0.3781639871737961,0.46474791849125,-0.005828210082264851,7.67385587
arcade,motion,initial,1,96,full,ba8fb7a0d70c0c68548cae7e,True,0.019966234313580505,0.36516380217870487,0.4995634973257179,-0.004658237552915638,7.96569604
arcade,motion,initial,1,97,full,ba8fb7a0d70c0c68548cae7e,True,0.01999089541595313,0.3656148307385661,0.5008774526163123,-0.0054327765383587615,8.01689643
arcade,motion,initial,1,128,full,ba8fb7a0d70c0c68548cae7e,True,0.019921957248172664,0.36435401595163214,0.5001166387297714,-0.006224785596727426,8.08038376
arcade,motion,spatial,1,1,full,9e65290c8bd00f4f3904cfb7,True,0.01502222467448261,0.2680067591980366,0.2879462004200803,-0.004779379745917615,25.9440634
arcade,motion,spatial,1,32,full,9e65290c8bd00f4f3904cfb7,True,0.01527106318169973,0.27244620830281674,0.2881717156603472,-0.004769670988354134,12.0104961
arcade,motion,spatial,1,33,full,62da9b4666a0936c54cc0cc1,True,0.015574494823121064,0.27779347238489144,0.2880220948208926,-0.004112801327677251,12.0371198
arcade,motion,spatial,1,64,full,9fb2ff44cf20dd0771da4c0d,True,0.015063224065035687,0.2753293042757018,0.3014345535147787,-0.005452625576912397,11.9173117
arcade,motion,spatial,1,96,full,ba8fb7a0d70c0c68548cae7e,True,0.013958026120531484,0.2552792784574371,0.31529116416273356,-0.004944433933178791,12.4037117
arcade,motion,spatial,1,97,full,ba8fb7a0d70c0c68548cae7e,True,0.013633833557491601,0.24935009886861592,0.3149012185787184,-0.005562752526302904,13.4830084
arcade,motion,spatial,1,128,full,ba8fb7a0d70c0c68548cae7e,True,0.013836963497161734,0.2530651559966305,0.3151478412024347,-0.0056020653264356795,12.505088
arcade,motion,temporal,1,1,full,9e65290c8bd00f4f3904cfb7,True,0.021347610361290983,0.3808559646475315,0.4301358576862216,-0.00476309724284947,73.2610524
arcade,motion,temporal,1,32,full,9e65290c8bd00f4f3904cfb7,True,0.007249375970239304,0.1293338238571428,0.13064746917895798,-0.005628043323963536,9.54470411
arcade,motion,temporal,1,33,full,62da9b4666a0936c54cc0cc1,True,0.007620486193349986,0.1359223104796406,0.13576347749028753,-0.006649471520348103,9.12179239
arcade,motion,temporal,1,64,full,9fb2ff44cf20dd0771da4c0d,True,0.00969164195761117,0.17714620893624486,0.1468089001329789,-0.011637406123229624,9.12691187
arcade,motion,temporal,1,96,full,ba8fb7a0d70c0c68548cae7e,True,0.020209606092145883,0.36961484500471636,0.1560067520362785,-0.013264528553030563,8.70400015
arcade,motion,temporal,1,97,full,ba8fb7a0d70c0c68548cae7e,True,0.01933480247050656,0.3536155027341391,0.15469902409110806,-0.012907817427878197,10.2287363
arcade,motion,temporal,1,128,full,ba8fb7a0d70c0c68548cae7e,True,0.007126660316685751,0.1303399698313156,0.13779630175895516,-0.0075811681962729355,8.74291174
arcade,reset,combined,1,1,full,9e65290c8bd00f4f3904cfb7,True,0.015022224679897422,0.2680067592946406,0.287946198763944,-0.00477937393319562,39.5048968
arcade,reset,combined,1,32,full,9e65290c8bd00f4f3904cfb7,True,0.019177736874324315,0.34214393805272825,0.2254110450519791,-0.004898872281558653,15.3927682
arcade,reset,combined,1,64,full,9e65290c8bd00f4f3904cfb7,True,0.01716260912968692,0.3061926813039393,0.2242641204240606,-0.0044600862065637265,14.7179523
arcade,reset,combined,1,65,full,9e65290c8bd00f4f3904cfb7,True,0.01565057803765514,0.2792170128152065,0.2869804839199219,-0.006811337450985475,14.4035844
arcade,reset,combined,1,72,full,9e65290c8bd00f4f3904cfb7,True,0.01993946736247496,0.35573373077220266,0.22309344364635295,-0.006945644467810366,13.8926078
arcade,reset,combined,1,96,full,9e65290c8bd00f4f3904cfb7,True,0.02714051349779948,0.4842053173303595,0.223567368741207,-0.008330469242632707,13.0979838
arcade,reset,combined,1,128,full,9e65290c8bd00f4f3904cfb7,True,0.029008413050510728,0.5175299224722304,0.22576146795475838,-0.004670089643754409,13.033472
arcade,reset,initial,1,1,full,9e65290c8bd00f4f3904cfb7,True,0.021347610045466994,0.3808559590130156,0.4301358523838816,-0.004763100916592215,9.18016024
arcade,reset,initial,1,32,full,9e65290c8bd00f4f3904cfb7,True,0.02150827658805553,0.38372235998382853,0.4310093466624138,-0.004302299121136897,8.69785622
arcade,reset,initial,1,64,full,9e65290c8bd00f4f3904cfb7,True,0.021384199006940798,0.3815087311023369,0.4302058626117702,-0.005147665900537564,8.84735957
arcade,reset,initial,1,65,full,9e65290c8bd00f4f3904cfb7,True,0.02135532959415547,0.3809936810396329,0.4299168783640304,-0.007409960173354106,7.5991042
arcade,reset,initial,1,72,full,9e65290c8bd00f4f3904cfb7,True,0.021518587103108982,0.3839063066218942,0.4306571074517489,-0.003199208511956477,7.48953596
arcade,reset,initial,1,96,full,9e65290c8bd00f4f3904cfb7,True,0.021463344815270194,0.3829207464365571,0.43018963282665573,-0.004712801756058054,7.7148159
arcade,reset,initial,1,128,full,9e65290c8bd00f4f3904cfb7,True,0.02131013870253997,0.3801874446352664,0.4296350655083024,-0.005661107105235158,9.08800028
arcade,reset,spatial,1,1,full,9e65290c8bd00f4f3904cfb7,True,0.01502222467448261,0.2680067591980366,0.2879462004200803,-0.004779379745917615,29.3457918
arcade,reset,spatial,1,32,full,9e65290c8bd00f4f3904cfb7,True,0.01527106318169973,0.27244620830281674,0.2881717156603472,-0.004769670988354134,12.6699517
arcade,reset,spatial,1,64,full,9e65290c8bd00f4f3904cfb7,True,0.015098118033958574,0.26936074862094517,0.28794522197198597,-0.004775995173858069,11.6920322
arcade,reset,spatial,1,65,full,9e65290c8bd00f4f3904cfb7,True,0.015650577754069927,0.2792170077558524,0.28698048107617935,-0.006811344704493658,14.394368
arcade,reset,spatial,1,72,full,9e65290c8bd00f4f3904cfb7,True,0.015321246536844893,0.2733415136700028,0.28818931901257844,-0.002704221684301894,13.6222718
arcade,reset,spatial,1,96,full,9e65290c8bd00f4f3904cfb7,True,0.015188754933548692,0.27097777287995306,0.2878099241905386,-0.0047307505781490995,13.2259838
arcade,reset,spatial,1,128,full,9e65290c8bd00f4f3904cfb7,True,0.015096997439725146,0.26934075645364736,0.287779921278294,-0.005596872649482303,13.7472004
arcade,reset,temporal,1,1,full,9e65290c8bd00f4f3904cfb7,True,0.021347610361290983,0.3808559646475315,0.4301358576862216,-0.00476309724284947,9.58566368
arcade,reset,temporal,1,32,full,9e65290c8bd00f4f3904cfb7,True,0.007249375970239304,0.1293338238571428,0.13064746917895798,-0.005628043323963536,8.47871974
arcade,reset,temporal,1,64,full,9e65290c8bd00f4f3904cfb7,True,0.007049418833348115,0.12576645182017973,0.12360374600943061,-0.005387138338277613,8.66406411
arcade,reset,temporal,1,65,full,9e65290c8bd00f4f3904cfb7,True,0.021355330184836825,0.3809936915777921,0.42991688396248373,-0.0074099560540389605,8.37939233
arcade,reset,temporal,1,72,full,9e65290c8bd00f4f3904cfb7,True,0.009600568456795947,0.17128070537617598,0.19485828116609988,-0.005636949448714963,8.44595209
arcade,reset,temporal,1,96,full,9e65290c8bd00f4f3904cfb7,True,0.007217846905830748,0.12877132379102166,0.1304566750831162,-0.005892388516571182,8.45107157
arcade,reset,temporal,1,128,full,9e65290c8bd00f4f3904cfb7,True,0.007021307326240226,0.12526492331295702,0.12343295266376685,-0.0057457157893171336,9.64505598
arcade,static,combined,1,1,full,9e65290c8bd00f4f3904cfb7,True,0.015022224679897422,0.2680067592946406,0.287946198763944,-0.00477937393319562,26.2973439
arcade,static,combined,1,8,full,9e65290c8bd00f4f3904cfb7,True,0.016434840849582327,0.29320879759666957,0.22403197842386172,-0.004220252979081023,25.8170888
arcade,static,combined,1,32,full,9e65290c8bd00f4f3904cfb7,True,0.019177736874324315,0.34214393805272825,0.2254110450519791,-0.004898872281558653,13.1368963
arcade,static,combined,1,128,full,9e65290c8bd00f4f3904cfb7,True,0.01745341146737368,0.3113807938358354,0.22459600620601072,-0.005558834545817231,12.9464325
arcade,static,initial,1,1,full,9e65290c8bd00f4f3904cfb7,True,0.021347610045466994,0.3808559590130156,0.4301358523838816,-0.004763100916592215,21.8071043
arcade,static,initial,1,8,full,9e65290c8bd00f4f3904cfb7,True,0.02129059291259218,0.3798387343787376,0.42966652955088425,-0.004356417457749169,18.9962238
arcade,static,initial,1,32,full,9e65290c8bd00f4f3904cfb7,True,0.02150827658805553,0.38372235998382853,0.4310093466624138,-0.004302299121136897,8.42752028
arcade,static,initial,1,128,full,9e65290c8bd00f4f3904cfb7,True,0.02131013870253997,0.3801874446352664,0.4296350655083024,-0.005661107105235158,7.51616014
arcade,static,spatial,1,1,full,9e65290c8bd00f4f3904cfb7,True,0.01502222467448261,0.2680067591980366,0.2879462004200803,-0.004779379745917615,12.9239038
arcade,static,spatial,1,8,full,9e65290c8bd00f4f3904cfb7,True,0.015083203790104534,0.26909466831341255,0.2876184945530848,-0.004271527130689713,11.6654076
arcade,static,spatial,1,32,full,9e65290c8bd00f4f3904cfb7,True,0.01527106318169973,0.27244620830281674,0.2881717156603472,-0.004769670988354134,12.0862722
arcade,static,spatial,1,128,full,9e65290c8bd00f4f3904cfb7,True,0.015096997439725146,0.26934075645364736,0.287779921278294,-0.005596872649482303,11.7934076
arcade,static,temporal,1,1,full,9e65290c8bd00f4f3904cfb7,True,0.021347610361290983,0.3808559646475315,0.4301358576862216,-0.00476309724284947,23.1065601
arcade,static,temporal,1,8,full,9e65290c8bd00f4f3904cfb7,True,0.009563427278142854,0.1706180813548139,0.1949198864167523,-0.005775045395174965,18.4391681
arcade,static,temporal,1,32,full,9e65290c8bd00f4f3904cfb7,True,0.007249375970239304,0.1293338238571428,0.13064746917895798,-0.005628043323963536,9.07571241
arcade,static,temporal,1,128,full,9e65290c8bd00f4f3904cfb7,True,0.00700918385290346,0.12504863225956,0.1230868604953009,-0.0057213438942588304,8.49100761
bistro,motion,combined,1,1,full,3cea35b572d61b17fceacc87,True,0.03687132664210027,0.262706919658815,0.27732761821042196,-0.05467038516627655,71.4526698
bistro,motion,combined,1,32,full,3cea35b572d61b17fceacc87,True,0.12442864675541605,0.8865497795543428,0.15784382693389779,-0.03278411065022136,27.8937593
bistro,motion,combined,1,33,full,444893b4543ce22924ff70b5,True,0.0404559903938893,0.28768651087423897,0.14852394691895907,-0.04609675476578481,27.7196802
bistro,motion,combined,1,64,full,c7de4a070a0f9ff98909555f,True,0.008134333130405605,0.057533804905965824,0.1001734243890048,-0.016911090745132827,32.3921926
bistro,motion,combined,1,96,full,69c76d8331800df55207ef9c,True,0.013449169587540893,0.09088653033862987,0.09651740208724702,-0.014009014955439075,27.4032634
bistro,motion,combined,1,97,full,69c76d8331800df55207ef9c,True,0.013001306380827929,0.0878599692814935,0.09574029383996213,-0.013508475859644833,27.5435522
bistro,motion,combined,1,128,full,69c76d8331800df55207ef9c,True,0.019066970593570057,0.1288503940736705,0.09662967115435431,-0.006103159667372921,29.3570552
bistro,motion,initial,1,1,full,3cea35b572d61b17fceacc87,True,0.04027537593941829,0.28696065248339103,0.3001806633492042,-0.05496215255113303,82.2046697
bistro,motion,initial,1,32,full,3cea35b572d61b17fceacc87,True,0.06364647859563057,0.4534789458835805,0.3077024244952308,-0.04682825487218271,15.369216
bistro,motion,initial,1,33,full,444893b4543ce22924ff70b5,True,0.11115653222992904,0.7904449898954481,0.30554861470377237,-0.05051241195304714,16.0133112
bistro,motion,initial,1,64,full,c7de4a070a0f9ff98909555f,True,0.0370575992510398,0.2621068809713817,0.2608707615094915,-0.00853266625573834,15.2780795
bistro,motion,initial,1,96,full,69c76d8331800df55207ef9c,True,0.038721306658989346,0.2616700748330069,0.24515912101089554,-0.00827871298228004,15.3733119
bistro,motion,initial,1,97,full,69c76d8331800df55207ef9c,True,0.052473105705073166,0.35460170849836586,0.24594543379933548,-0.006336236937370216,16.3420159
bistro,motion,initial,1,128,full,69c76d8331800df55207ef9c,True,0.0773415588636842,0.5226572458877314,0.25967509578980424,0.008258260188952836,15.4255359
bistro,motion,spatial,1,1,full,3cea35b572d61b17fceacc87,True,0.036871326641554826,0.26270691965492876,0.2773276180872302,-0.05467038512789736,73.4504983
bistro,motion,spatial,1,32,full,3cea35b572d61b17fceacc87,True,0.05701959548133012,0.40626263422776215,0.2850845573945063,-0.04624853605759242,20.955136
bistro,motion,spatial,1,33,full,444893b4543ce22924ff70b5,True,0.11026085058683262,0.7840757099878812,0.28130944350516224,-0.05100332514110292,20.4421114
bistro,motion,spatial,1,64,full,c7de4a070a0f9ff98909555f,True,0.03307401476218064,0.23393115111938503,0.2373498198342662,-0.0087369458147104,19.9137274
bistro,motion,spatial,1,96,full,69c76d8331800df55207ef9c,True,0.03490776388918219,0.23589899146687657,0.2234692197416661,-0.008769153039964356,19.9301112
bistro,motion,spatial,1,97,full,69c76d8331800df55207ef9c,True,0.04673154561877808,0.31580150811591695,0.22462689168741665,-0.005840712988502638,20.0212486
bistro,motion,spatial,1,128,full,69c76d8331800df55207ef9c,True,0.06756577668951998,0.4565946598393636,0.2348415898110398,0.005484687423036007,19.9823361
bistro,motion,temporal,1,1,full,3cea35b572d61b17fceacc87,True,0.04027537595837798,0.2869606526184782,0.30018066457262577,-0.054962151236866194,37.0780155
bistro,motion,temporal,1,32,full,3cea35b572d61b17fceacc87,True,0.12853474843693258,0.9158056111935929,0.19389871876096515,-0.025804652727819993,17.4837764
bistro,motion,temporal,1,33,full,444893b4543ce22924ff70b5,True,0.10487906103451419,0.7458052772660122,0.18956761307463346,-0.03514392951942235,21.0534409
bistro,motion,temporal,1,64,full,c7de4a070a0f9ff98909555f,True,0.010724716543309901,0.07585548063776049,0.12649710703043943,-0.015140212166500832,17.6414717
bistro,motion,temporal,1,96,full,69c76d8331800df55207ef9c,True,0.013359556360118352,0.09028094385539996,0.12109591200907141,-0.014128933344245063,21.885952
bistro,motion,temporal,1,97,full,69c76d8331800df55207ef9c,True,0.012853877153553343,0.08686367498612636,0.11993348988845622,-0.0138706762497893,21.9944958
bistro,motion,temporal,1,128,full,69c76d8331800df55207ef9c,True,0.038381659323279395,0.2593748128333341,0.10936236641234566,-0.005287821829573589,24.6702079
bistro,reset,combined,1,1,full,3cea35b572d61b17fceacc87,True,0.03687132664210027,0.262706919658815,0.27732761821042196,-0.05467038516627655,101.115905
bistro,reset,combined,1,32,full,3cea35b572d61b17fceacc87,True,0.12442864675541605,0.8865497795543428,0.15784382693389779,-0.03278411065022136,28.8450569
bistro,reset,combined,1,64,full,3cea35b572d61b17fceacc87,True,0.06890337351666002,0.49093413932098845,0.1605021731685609,-0.02332124159191956,28.5603832
bistro,reset,combined,1,65,full,3cea35b572d61b17fceacc87,True,0.18156063167771294,1.2936131846392305,0.30271589828800327,-0.027116533822618694,20.6366722
bistro,reset,combined,1,72,full,3cea35b572d61b17fceacc87,True,0.16927018133580282,1.206044153508787,0.18567806630577444,-0.014711406696617507,28.2378234
bistro,reset,combined,1,96,full,3cea35b572d61b17fceacc87,True,0.07550052295221467,0.5379385995501073,0.16467498134041503,-0.021234436479825487,28.2337274
bistro,reset,combined,1,128,full,3cea35b572d61b17fceacc87,True,0.1006009655059661,0.716778379560623,0.15652733617655215,-0.027279124597980146,30.4455683
bistro,reset,initial,1,1,full,3cea35b572d61b17fceacc87,True,0.04027537593941829,0.28696065248339103,0.3001806633492042,-0.05496215255113303,64.9666563
bistro,reset,initial,1,32,full,3cea35b572d61b17fceacc87,True,0.06364647859563057,0.4534789458835805,0.3077024244952308,-0.04682825487218271,15.9918088
bistro,reset,initial,1,64,full,3cea35b572d61b17fceacc87,True,0.05245512483329136,0.37374093964761196,0.2999862149003017,-0.05410125578212426,15.235072
bistro,reset,initial,1,65,full,3cea35b572d61b17fceacc87,True,0.1836913481480416,1.3087944653677415,0.32666755416068405,-0.02708613385914784,15.3548801
bistro,reset,initial,1,72,full,3cea35b572d61b17fceacc87,True,0.047428419547120744,0.337925839350821,0.3041346515008466,-0.04982538064911633,15.2156157
bistro,reset,initial,1,96,full,3cea35b572d61b17fceacc87,True,0.05014498765651367,0.35728129262727343,0.30104931909196586,-0.05445115994509168,17.7489929
bistro,reset,initial,1,128,full,3cea35b572d61b17fceacc87,True,0.04496004843715248,0.3203387810610834,0.30153034955434715,-0.05271906969652492,15.8494711
bistro,reset,spatial,1,1,full,3cea35b572d61b17fceacc87,True,0.036871326641554826,0.26270691965492876,0.2773276180872302,-0.05467038512789736,99.2583707
bistro,reset,spatial,1,32,full,3cea35b572d61b17fceacc87,True,0.05701959548133012,0.40626263422776215,0.2850845573945063,-0.04624853605759242,20.7083523
bistro,reset,spatial,1,64,full,3cea35b572d61b17fceacc87,True,0.047881727112482196,0.3411556399845245,0.2785092704094551,-0.052579973386053004,20.5066241
bistro,reset,spatial,1,65,full,3cea35b572d61b17fceacc87,True,0.18156063167729514,1.2936131846362537,0.3027158976784164,-0.02711653439573688,20.0202242
bistro,reset,spatial,1,72,full,3cea35b572d61b17fceacc87,True,0.045143827797207964,0.3216482026082299,0.2793819809958792,-0.05071170263035408,20.4625912
bistro,reset,spatial,1,96,full,3cea35b572d61b17fceacc87,True,0.04639878352470162,0.33058971850968394,0.27823487459985924,-0.05475552542540367,19.8871046
bistro,reset,spatial,1,128,full,3cea35b572d61b17fceacc87,True,0.04204078376244042,0.2995391218080657,0.27792212843976666,-0.0530755747557103,25.0234883
bistro,reset,temporal,1,1,full,3cea35b572d61b17fceacc87,True,0.04027537595837798,0.2869606526184782,0.30018066457262577,-0.054962151236866194,41.4013453
bistro,reset,temporal,1,32,full,3cea35b572d61b17fceacc87,True,0.12853474843693258,0.9158056111935929,0.19389871876096515,-0.025804652727819993,18.1166083
bistro,reset,temporal,1,64,full,3cea35b572d61b17fceacc87,True,0.0803525487910216,0.5725091148611164,0.17179325999419576,-0.031411355402155644,18.8067835
bistro,reset,temporal,1,65,full,3cea35b572d61b17fceacc87,True,0.18369134815412239,1.3087944654110668,0.32666755558800925,-0.027086133188054147,16.1792003
bistro,reset,temporal,1,72,full,3cea35b572d61b17fceacc87,True,0.12486969238484906,0.8896922143211198,0.2620745819906314,-0.0341275387226176,16.5509116
bistro,reset,temporal,1,96,full,3cea35b572d61b17fceacc87,True,0.08874972481079038,0.6323387018840981,0.19465534776642085,-0.02693559836478545,17.4919683
bistro,reset,temporal,1,128,full,3cea35b572d61b17fceacc87,True,0.13869093427449114,0.9881680819765404,0.17959996777965015,-0.022893653879140503,18.4115209
bistro,static,combined,1,1,full,3cea35b572d61b17fceacc87,True,0.03687132664210027,0.262706919658815,0.27732761821042196,-0.05467038516627655,94.37491
bistro,static,combined,1,8,full,3cea35b572d61b17fceacc87,True,0.04369684766273119,0.3113385194870956,0.15513601306501457,-0.046185494988778136,32.851968
bistro,static,combined,1,32,full,3cea35b572d61b17fceacc87,True,0.12442864675541605,0.8865497795543428,0.15784382693389779,-0.03278411065022136,29.3232631
bistro,static,combined,1,128,full,3cea35b572d61b17fceacc87,True,0.09996886231894216,0.7122746663424505,0.1573340786409559,-0.026435235370974464,29.5454711
bistro,static,initial,1,1,full,3cea35b572d61b17fceacc87,True,0.04027537593941829,0.28696065248339103,0.3001806633492042,-0.05496215255113303,61.8731529
bistro,static,initial,1,8,full,3cea35b572d61b17fceacc87,True,0.06855932720446832,0.4884828213151791,0.31230032056976803,-0.042068940831828966,16.8314874
bistro,static,initial,1,32,full,3cea35b572d61b17fceacc87,True,0.06364647859563057,0.4534789458835805,0.3077024244952308,-0.04682825487218271,15.4030081
bistro,static,initial,1,128,full,3cea35b572d61b17fceacc87,True,0.04496004843715248,0.3203387810610834,0.30153034955434715,-0.05271906969652492,14.9442563
bistro,static,spatial,1,1,full,3cea35b572d61b17fceacc87,True,0.036871326641554826,0.26270691965492876,0.2773276180872302,-0.05467038512789736,75.0469118
bistro,static,spatial,1,8,full,3cea35b572d61b17fceacc87,True,0.06353998196889601,0.45272016112286234,0.2899996934846302,-0.041137887540592534,35.007488
bistro,static,spatial,1,32,full,3cea35b572d61b17fceacc87,True,0.05701959548133012,0.40626263422776215,0.2850845573945063,-0.04624853605759242,20.2291198
bistro,static,spatial,1,128,full,3cea35b572d61b17fceacc87,True,0.04204078376244042,0.2995391218080657,0.27792212843976666,-0.0530755747557103,20.4789769
bistro,static,temporal,1,1,full,3cea35b572d61b17fceacc87,True,0.04027537595837798,0.2869606526184782,0.30018066457262577,-0.054962151236866194,81.6312283
bistro,static,temporal,1,8,full,3cea35b572d61b17fceacc87,True,0.09202555132999775,0.6556788518752027,0.2590556537196843,-0.03800059014109849,18.6265595
bistro,static,temporal,1,32,full,3cea35b572d61b17fceacc87,True,0.12853474843693258,0.9158056111935929,0.19389871876096515,-0.025804652727819993,18.1504004
bistro,static,temporal,1,128,full,3cea35b572d61b17fceacc87,True,0.1382678917966414,0.9851539190385072,0.17743079535000478,-0.023240446760915818,18.8108794
cornell-box,motion,combined,1,1,full,ed4ae7321530079d0b517eb1,True,0.028747778649422843,0.03719444879097208,0.08970762179086875,-0.00038777258344295566,18.8569594
cornell-box,motion,combined,1,32,full,ed4ae7321530079d0b517eb1,True,0.03121273133096545,0.04038365368237841,0.06722541501383207,-0.00039388888527550227,9.28870402
cornell-box,motion,combined,1,33,full,66705238ce6866f13ba6fd0c,True,0.03136661550260379,0.04059274884053277,0.06750373119773725,-9.738836204918635e-05,8.46131239
cornell-box,motion,combined,1,64,full,d9866151f884071423d15ef4,True,0.031383852358100595,0.04061113845436237,0.0675018240501188,-0.00028244503371614645,8.45516846
cornell-box,motion,combined,1,96,full,a8247454a0dd40469c874c1e,True,0.03191589541109675,0.04131332390917531,0.06716199794198055,-0.0013683106863975156,8.65996815
cornell-box,motion,combined,1,97,full,a8247454a0dd40469c874c1e,True,0.031595600141612445,0.040898719774015095,0.06704483126886802,-0.0015560901000450636,9.45561565
cornell-box,motion,combined,1,128,full,a8247454a0dd40469c874c1e,True,0.03156650113556809,0.040861052754285254,0.06712274373574229,-0.001095798372434747,8.630272
cornell-box,motion,initial,1,1,full,ed4ae7321530079d0b517eb1,True,0.04580660074497891,0.05926549270031432,0.16086994881865252,-0.0002794626027697123,19.286016
cornell-box,motion,initial,1,32,full,ed4ae7321530079d0b517eb1,True,0.0458359212350668,0.05930342813457516,0.16105775619551682,-0.0005836567842178556,6.61196792
cornell-box,motion,initial,1,33,full,66705238ce6866f13ba6fd0c,True,0.04571065640148103,0.05915592629007684,0.16066035165489162,-0.00028265526492055943,5.96172782
cornell-box,motion,initial,1,64,full,d9866151f884071423d15ef4,True,0.04534625860052906,0.05867868499381575,0.1592033024323505,-0.0002383066696373064,6.84748823
cornell-box,motion,initial,1,96,full,a8247454a0dd40469c874c1e,True,0.04486705758029047,0.058077871818745345,0.15735771811122168,-0.00037077058617789504,5.88288018
cornell-box,motion,initial,1,97,full,a8247454a0dd40469c874c1e,True,0.04494409459747255,0.05817759188621785,0.15759049933798058,-0.00038861574137890253,6.4194561
cornell-box,motion,initial,1,128,full,a8247454a0dd40469c874c1e,True,0.04483839568229429,0.05804077061069475,0.15739406079740303,-9.487535277309351e-05,5.87366382
cornell-box,motion,spatial,1,1,full,ed4ae7321530079d0b517eb1,True,0.02874777846666626,0.03719444855451797,0.08970762187264068,-0.00038777478877067027,18.2067193
cornell-box,motion,spatial,1,32,full,ed4ae7321530079d0b517eb1,True,0.02878687440040092,0.03724503165253616,0.08966985776820731,-0.0004394009955073353,7.47212814
cornell-box,motion,spatial,1,33,full,66705238ce6866f13ba6fd0c,True,0.028702032999187662,0.03714440968780939,0.08950045544590679,-0.00046079317401336587,7.7056
cornell-box,motion,spatial,1,64,full,d9866151f884071423d15ef4,True,0.028565367341268657,0.03696397991104341,0.08902396264548117,-0.0002723468159144175,7.50284782
cornell-box,motion,spatial,1,96,full,a8247454a0dd40469c874c1e,True,0.028513440716375966,0.03690903848717143,0.08875015107061343,-0.00015850040846981603,7.74451206
cornell-box,motion,spatial,1,97,full,a8247454a0dd40469c874c1e,True,0.028437000915270395,0.03681009148217751,0.08863767999076665,-0.00047432845166393226,7.79980794
cornell-box,motion,spatial,1,128,full,a8247454a0dd40469c874c1e,True,0.02838101015186963,0.03673761460147268,0.08861853037663446,-0.0003007088597365556,7.96057563
cornell-box,motion,temporal,1,1,full,ed4ae7321530079d0b517eb1,True,0.0458066010273367,0.05926549306563446,0.16086995003727153,-0.0002794617765316504,16.1505286
cornell-box,motion,temporal,1,32,full,ed4ae7321530079d0b517eb1,True,0.015493798862382516,0.020046185668543045,0.042842023045350806,-0.0004684053212166862,6.43174397
cornell-box,motion,temporal,1,33,full,66705238ce6866f13ba6fd0c,True,0.015516891814040513,0.020081009127069473,0.04272759902380924,-0.0005452614088329904,6.46144012
cornell-box,motion,temporal,1,64,full,d9866151f884071423d15ef4,True,0.015109565134492865,0.019551985991411072,0.04035723208281309,-0.0009992848087550339,6.2781442
cornell-box,motion,temporal,1,96,full,a8247454a0dd40469c874c1e,True,0.015151016823790648,0.019612135505902073,0.04023702929246932,-0.0009089078281480066,6.58227177
cornell-box,motion,temporal,1,97,full,a8247454a0dd40469c874c1e,True,0.015127426171231374,0.019581598738631203,0.040188113915007026,-0.0008913667421288226,7.05535989
cornell-box,motion,temporal,1,128,full,a8247454a0dd40469c874c1e,True,0.01493972065728418,0.019338624552967514,0.03974932055749258,-0.0005945705522703892,6.28224015
cornell-box,reset,combined,1,1,full,ed4ae7321530079d0b517eb1,True,0.028747778649422843,0.03719444879097208,0.08970762179086875,-0.00038777258344295566,22.0559351
cornell-box,reset,combined,1,32,full,ed4ae7321530079d0b517eb1,True,0.03121273133096545,0.04038365368237841,0.06722541501383207,-0.00039388888527550227,8.51251185
cornell-box,reset,combined,1,64,full,ed4ae7321530079d0b517eb1,True,0.03149583102242174,0.04074993370369833,0.0682400227691571,-0.00035132352553047516,8.80332757
cornell-box,reset,combined,1,65,full,ed4ae7321530079d0b517eb1,True,0.028654368882602158,0.03707359337355156,0.08965247338022275,0.0001924601492366648,8.34867172
cornell-box,reset,combined,1,72,full,ed4ae7321530079d0b517eb1,True,0.03014297451685248,0.03899958100231006,0.06683065577283503,-0.00016439813258772303,8.03532824
cornell-box,reset,combined,1,96,full,ed4ae7321530079d0b517eb1,True,0.0312176419254201,0.04039000710732313,0.06766903575155861,-0.00014052998753901044,8.99379235
cornell-box,reset,combined,1,128,full,ed4ae7321530079d0b517eb1,True,0.03056662332259841,0.03954770626801611,0.0674089481795832,-0.001197823174689409,8.32409598
cornell-box,reset,initial,1,1,full,ed4ae7321530079d0b517eb1,True,0.04580660074497891,0.05926549270031432,0.16086994881865252,-0.0002794626027697123,15.4562565
cornell-box,reset,initial,1,32,full,ed4ae7321530079d0b517eb1,True,0.0458359212350668,0.05930342813457516,0.16105775619551682,-0.0005836567842178556,6.25152001
cornell-box,reset,initial,1,64,full,ed4ae7321530079d0b517eb1,True,0.04576862172268651,0.05921635468457361,0.1608928807672923,-0.0005488604218501254,5.78764779
cornell-box,reset,initial,1,65,full,ed4ae7321530079d0b517eb1,True,0.04573782804954512,0.059176513216726276,0.16088967042004088,4.6186907174107984e-05,5.83167979
cornell-box,reset,initial,1,72,full,ed4ae7321530079d0b517eb1,True,0.04567091141674198,0.05908993514395019,0.1606422552888645,-0.0005963344119314989,5.7937922
cornell-box,reset,initial,1,96,full,ed4ae7321530079d0b517eb1,True,0.045720563467715275,0.05915417595677313,0.16077111934075458,-0.0003382212877915637,5.79276821
cornell-box,reset,initial,1,128,full,ed4ae7321530079d0b517eb1,True,0.045709855994113466,0.059140322414090056,0.16082140642011764,-0.000494732495777615,6.43583992
cornell-box,reset,spatial,1,1,full,ed4ae7321530079d0b517eb1,True,0.02874777846666626,0.03719444855451797,0.08970762187264068,-0.00038777478877067027,21.793792
cornell-box,reset,spatial,1,32,full,ed4ae7321530079d0b517eb1,True,0.02878687440040092,0.03724503165253616,0.08966985776820731,-0.0004394009955073353,8.70092772
cornell-box,reset,spatial,1,64,full,ed4ae7321530079d0b517eb1,True,0.028663021818242786,0.03708478871408558,0.08949924465806487,-0.0005580040499564776,8.00665561
cornell-box,reset,spatial,1,65,full,ed4ae7321530079d0b517eb1,True,0.028654368500011584,0.03707359287854826,0.08965247164492084,0.00019245864333193908,7.54278386
cornell-box,reset,spatial,1,72,full,ed4ae7321530079d0b517eb1,True,0.028763224206950617,0.03721443256104074,0.08962317365205424,-0.0005496793005373252,8.09062365
cornell-box,reset,spatial,1,96,full,ed4ae7321530079d0b517eb1,True,0.02877736205889617,0.03723272439557223,0.08971565871203689,-0.00015667515343629215,8.24422389
cornell-box,reset,spatial,1,128,full,ed4ae7321530079d0b517eb1,True,0.028559051801829445,0.036950270235338346,0.08948561346364442,-0.00041988109568638675,7.78035214
cornell-box,reset,temporal,1,1,full,ed4ae7321530079d0b517eb1,True,0.0458066010273367,0.05926549306563446,0.16086995003727153,-0.0002794617765316504,8.57907161
cornell-box,reset,temporal,1,32,full,ed4ae7321530079d0b517eb1,True,0.015493798862382516,0.020046185668543045,0.042842023045350806,-0.0004684053212166862,6.7184642
cornell-box,reset,temporal,1,64,full,ed4ae7321530079d0b517eb1,True,0.014947892296368457,0.01933988087672314,0.03998707679149821,-0.000535293160385358,6.27302378
cornell-box,reset,temporal,1,65,full,ed4ae7321530079d0b517eb1,True,0.04573782893901972,0.05917651436754623,0.16088967231888668,4.618944952589873e-05,6.16959995
cornell-box,reset,temporal,1,72,full,ed4ae7321530079d0b517eb1,True,0.020386214204116317,0.02637609011477536,0.064836374560252,-0.0004011997145446984,6.59968005
cornell-box,reset,temporal,1,96,full,ed4ae7321530079d0b517eb1,True,0.015463777359043272,0.02000734324937053,0.042727481275297866,-0.00045730160975401173,6.65190397
cornell-box,reset,temporal,1,128,full,ed4ae7321530079d0b517eb1,True,0.015012037059124952,0.019422872648805795,0.04010899431020147,-0.0005591048599877458,8.80844798
cornell-box,static,combined,1,1,full,ed4ae7321530079d0b517eb1,True,0.028747778649422843,0.03719444879097208,0.08970762179086875,-0.00038777258344295566,20.9407993
cornell-box,static,combined,1,8,full,ed4ae7321530079d0b517eb1,True,0.030180138456628158,0.03904766444805083,0.06701591790503428,-0.000329335087997315,13.0928643
cornell-box,static,combined,1,32,full,ed4ae7321530079d0b517eb1,True,0.03121273133096545,0.04038365368237841,0.06722541501383207,-0.00039388888527550227,9.78227239
cornell-box,static,combined,1,128,full,ed4ae7321530079d0b517eb1,True,0.03079085199303482,0.039837817789386894,0.0673978319065469,-0.0011624551975321176,8.65382422
cornell-box,static,initial,1,1,full,ed4ae7321530079d0b517eb1,True,0.04580660074497891,0.05926549270031432,0.16086994881865252,-0.0002794626027697123,19.8451206
cornell-box,static,initial,1,8,full,ed4ae7321530079d0b517eb1,True,0.04573239972730298,0.059169489945254825,0.1607789169258023,0.0001479111298651233,13.8199041
cornell-box,static,initial,1,32,full,ed4ae7321530079d0b517eb1,True,0.0458359212350668,0.05930342813457516,0.16105775619551682,-0.0005836567842178556,7.13932794
cornell-box,static,initial,1,128,full,ed4ae7321530079d0b517eb1,True,0.045709855994113466,0.059140322414090056,0.16082140642011764,-0.000494732495777615,6.57407986
cornell-box,static,spatial,1,1,full,ed4ae7321530079d0b517eb1,True,0.02874777846666626,0.03719444855451797,0.08970762187264068,-0.00038777478877067027,22.0282879
cornell-box,static,spatial,1,8,full,ed4ae7321530079d0b517eb1,True,0.028782263297094424,0.03723906571520602,0.08977711301221047,7.706957997326951e-05,13.121536
cornell-box,static,spatial,1,32,full,ed4ae7321530079d0b517eb1,True,0.02878687440040092,0.03724503165253616,0.08966985776820731,-0.0004394009955073353,7.50079984
cornell-box,static,spatial,1,128,full,ed4ae7321530079d0b517eb1,True,0.028559051801829445,0.036950270235338346,0.08948561346364442,-0.00041988109568638675,7.5202561
cornell-box,static,temporal,1,1,full,ed4ae7321530079d0b517eb1,True,0.0458066010273367,0.05926549306563446,0.16086995003727153,-0.0002794617765316504,21.3647354
cornell-box,static,temporal,1,8,full,ed4ae7321530079d0b517eb1,True,0.02046363389127465,0.026476257248540372,0.06495981234562416,-0.00044854615146208086,19.9403521
cornell-box,static,temporal,1,32,full,ed4ae7321530079d0b517eb1,True,0.015493798862382516,0.020046185668543045,0.042842023045350806,-0.0004684053212166862,6.91097602
cornell-box,static,temporal,1,128,full,ed4ae7321530079d0b517eb1,True,0.014973170488030142,0.01937258630474089,0.039972464777912255,-0.0005636189456405251,6.6242558
