scene,scenario,mode,seed,phase,frames,headless,tlas_ms,environment_ms,gbuffer_ms,mesh_ms,light_pdf_ms,presample_lights_ms,presample_environment_ms,regir_ms,initial_ms,temporal_ms,spatial_ms,shading_ms,brdf_ms,secondary_ms,gi_temporal_ms,gi_spatial_ms,gi_fused_ms,gi_shading_ms,pt_initial_ms,pt_temporal_ms,pt_neighbor_ms,pt_spatial_ms,pt_duplication_ms,pt_smooth_duplication_ms,pt_shading_ms,gradients_ms,denoising_ms,glass_ms,resolve_ms,gpu_ms
arcade,motion,combined,1,hold,32,True,0.00922899994375,0.00819199978125,0.9142079998125001,0.0161280001375,0.012383999867187499,0.05516800048125,0.08054399984999999,0.0,7.3227199765624995,1.02614399471875,6.022016008125,1.2503679921875,0.0,0.0,0.0,0.0,0.0,0.0,0.0,0.0,0.0,0.0,0.0,0.0,0.0,0.0,0.0,0.74828800640625,0.0,18.02873588125
arcade,motion,combined,1,moving,64,True,0.0,0.0,0.7015680002343749,0.012912000115625,0.00983999988203125,0.034704000342187506,0.060976000867187505,0.0,5.173664009062501,0.898783997390625,4.43596798875,0.95769600296875,0.0,0.0,0.0,0.0,0.0,0.0,0.0,0.0,0.0,0.0,0.0,0.0,0.0,0.0,0.0,0.5542079997656251,0.0,13.303808039062499
arcade,motion,combined,1,stopped,32,True,0.0,0.0,0.7950720027812499,0.013440000090625001,0.0103039998890625,0.02918400049375,0.062591999834375,0.0,5.387552009375001,0.94035200175,4.6562559734375,1.0161919981874998,0.0,0.0,0.0,0.0,0.0,0.0,0.0,0.0,0.0,0.0,0.0,0.0,0.0,0.0,0.0,0.57555200684375,0.0,14.007167978125
arcade,motion,initial,1,hold,32,True,0.00908799984375,0.021120000375,1.0441279993124999,0.01769600018125,0.013887999849999999,0.08681599943125,0.090912000403125,0.0,8.407712005625001,0.0,0.0,1.3208320018125,0.0,0.0,0.0,0.0,0.0,0.0,0.0,0.0,0.0,0.0,0.0,0.0,0.0,0.0,0.0,0.85484799871875,0.0,12.42419203875
arcade,motion,initial,1,moving,64,True,0.0,0.0,0.7062559980312499,0.012592000114062502,0.009999999882812501,0.04398400014375,0.06286400096562501,0.0,5.08230404375,0.0,0.0,0.8751040023281249,0.0,0.0,0.0,0.0,0.0,0.0,0.0,0.0,0.0,0.0,0.0,0.0,0.0,0.0,0.0,0.566368003078125,0.0,7.76249599578125
arcade,motion,initial,1,stopped,32,True,0.0,0.0,0.77091200184375,0.012896000159375,0.00985599988125,0.0403200002,0.06179199998125,0.0,5.1272639834375,0.0,0.0,0.85174400365625,0.0,0.0,0.0,0.0,0.0,0.0,0.0,0.0,0.0,0.0,0.0,0.0,0.0,0.0,0.0,0.5599680079062499,0.0,7.9010880440625
arcade,motion,spatial,1,hold,32,True,0.008432000171874999,0.00816000009375,0.94707199953125,0.016032000190625,0.012991999890624998,0.05561599975,0.07948800007500001,0.0,7.0625920178124995,0.0,5.8829759528125,1.25619200103125,0.0,0.0,0.0,0.0,0.0,0.0,0.0,0.0,0.0,0.0,0.0,0.0,0.0,0.0,0.0,0.7768319975,0.0,16.6746239625
arcade,motion,spatial,1,moving,64,True,0.0,0.0,0.68985600046875,0.012512000121875002,0.009983999890625001,0.036912000628125004,0.06296000068906252,0.0,5.0565440401562505,0.0,4.2094240196875,0.9176000020468749,0.0,0.0,0.0,0.0,0.0,0.0,0.0,0.0,0.0,0.0,0.0,0.0,0.0,0.0,0.0,0.551104000734375,0.0,11.9829600171875
arcade,motion,spatial,1,stopped,32,True,0.0,0.0,0.773280004125,0.013216000159375001,0.00985599988125,0.029056000546875002,0.061503998831250004,0.0,5.078176006562501,0.0,4.207295960625,0.90377599728125,0.0,0.0,0.0,0.0,0.0,0.0,0.0,0.0,0.0,0.0,0.0,0.0,0.0,0.0,0.0,0.55055999665625,0.0,12.107039949999999
arcade,motion,temporal,1,hold,32,True,0.01157800011875,0.02848000075,1.421216002125,0.020159999965624998,0.015039999740625,0.25808000577187495,0.141855997653125,0.0,8.2001600659375,1.5794879924999998,0.0,1.63958401375,0.0,0.0,0.0,0.0,0.0,0.0,0.0,0.0,0.0,0.0,0.0,0.0,0.0,0.0,0.0,0.976128003,0.0,15.350687951874999
arcade,motion,temporal,1,moving,64,True,0.0,0.0,0.754351995015625,0.013008000140625,0.01017599990078125,0.0328320006359375,0.0682719996171875,0.0,5.40300802140625,1.044287992953125,0.0,0.9903680048750001,0.0,0.0,0.0,0.0,0.0,0.0,0.0,0.0,0.0,0.0,0.0,0.0,0.0,0.0,0.0,0.56683199896875,0.0,9.347488057187501
arcade,motion,temporal,1,stopped,32,True,0.0,0.0,0.7424960022499999,0.012704000140625001,0.010111999896875,0.0292800006,0.06281599962812501,0.0,5.116928048125,0.913951998875,0.0,0.92630399909375,0.0,0.0,0.0,0.0,0.0,0.0,0.0,0.0,0.0,0.0,0.0,0.0,0.0,0.0,0.0,0.54460800296875,0.0,8.85036802875
arcade,reset,combined,1,before-reset,64,True,0.005694999796875,0.00592000015625,0.902095999765625,0.014496000118750001,0.011535999925000002,0.047679999796875004,0.0753119999140625,0.0,7.072799991093749,1.163615995984375,5.605151993125,1.1502080025,0.0,0.0,0.0,0.0,0.0,0.0,0.0,0.0,0.0,0.0,0.0,0.0,0.0,0.0,0.0,0.6909120001718749,0.0,17.323743971874997
arcade,reset,combined,1,after-reset,64,True,0.0,0.0,0.7194879990312499,0.0128320001234375,0.01039999988203125,0.0297120004703125,0.06153599962343749,0.0,5.27820804546875,1.07587200165625,4.40195199953125,0.9890720001875001,0.0,0.0,0.0,0.0,0.0,0.0,0.0,0.0,0.0,0.0,0.0,0.0,0.0,0.0,0.0,0.564095999703125,0.0,13.7194399703125
arcade,reset,initial,1,before-reset,64,True,0.0037610000656250002,0.002175999953125,0.73254400284375,0.0131040001375,0.010463999925,0.039775999629687496,0.0628319997984375,0.0,5.348015941406249,0.0,0.0,0.8793280004843749,0.0,0.0,0.0,0.0,0.0,0.0,0.0,0.0,0.0,0.0,0.0,0.0,0.0,0.0,0.0,0.568495991609375,0.0,8.1261919915625
arcade,reset,initial,1,after-reset,64,True,0.0,0.0,0.7254560033125,0.0126880001234375,0.01001599988984375,0.042608000026562495,0.061135998809374995,0.0,5.148927949999999,0.0,0.0,0.8845759966874999,0.0,0.0,0.0,0.0,0.0,0.0,0.0,0.0,0.0,0.0,0.0,0.0,0.0,0.0,0.0,0.5542560021875,0.0,7.89430397734375
arcade,reset,spatial,1,before-reset,64,True,0.0040325000937500004,0.00393600021875,0.86264000159375,0.014208000054687501,0.011039999892968751,0.0503840008453125,0.0780800001984375,0.0,6.6652639796875,0.0,5.64633601796875,1.12334400209375,0.0,0.0,0.0,0.0,0.0,0.0,0.0,0.0,0.0,0.0,0.0,0.0,0.0,0.0,0.0,0.64502400059375,0.0,15.6467519671875
arcade,reset,spatial,1,after-reset,64,True,0.0,0.0,0.78262399890625,0.012800000120312498,0.01022399991015625,0.0315520004015625,0.061647999237499994,0.0,5.58668799890625,0.0,4.7153599871875,0.949248001078125,0.0,0.0,0.0,0.0,0.0,0.0,0.0,0.0,0.0,0.0,0.0,0.0,0.0,0.0,0.0,0.601279997734375,0.0,13.327247984375
arcade,reset,temporal,1,before-reset,64,True,0.0030909999343749998,0.0022080000625,0.7223519996562501,0.01273600014375,0.00998399987734375,0.0362880007203125,0.061711999134374994,0.0,5.12164799890625,0.9348639988281251,0.0,0.9043839964687499,0.0,0.0,0.0,0.0,0.0,0.0,0.0,0.0,0.0,0.0,0.0,0.0,0.0,0.0,0.0,0.5426080016093751,0.0,8.865631985625
arcade,reset,temporal,1,after-reset,64,True,0.0,0.0,0.7154880014531251,0.016816000265625,0.0099039998859375,0.0293280004953125,0.0616959989578125,0.0,5.16721601796875,0.93630399971875,0.0,0.919391996921875,0.0,0.0,0.0,0.0,0.0,0.0,0.0,0.0,0.0,0.0,0.0,0.0,0.0,0.0,0.0,0.527200000875,0.0,8.867696015
arcade,static,combined,1,startup,32,True,0.009132000059375,0.0078080001875,0.88371199875,0.01584000015,0.0119359998203125,0.053952000881250003,0.074879999946875,0.0,6.5431679965625,1.04873599590625,5.795711984375,1.1774720043750002,0.0,0.0,0.0,0.0,0.0,0.0,0.0,0.0,0.0,0.0,0.0,0.0,0.0,0.0,0.0,0.7061759871250001,0.0,16.93254404375
arcade,static,combined,1,steady,96,True,0.0,0.0,0.7139520015833334,0.012480000118750001,0.012042666547395836,0.030773333937500005,0.061279999581249994,0.0,5.1156479075000005,0.9359253307604165,4.479765353229166,0.9456853368645834,0.0,0.0,0.0,0.0,0.0,0.0,0.0,0.0,0.0,0.0,0.0,0.0,0.0,0.0,0.0,0.5266346641458334,0.0,13.322303970833332
arcade,static,initial,1,startup,32,True,0.0094780000375,0.02601599953125,1.08361599590625,0.01875199985625,0.014432000026562499,0.069503999765625,0.0955520004125,0.0,8.983743986875,0.0,0.0,1.4207999989062499,0.0,0.0,0.0,0.0,0.0,0.0,0.0,0.0,0.0,0.0,0.0,0.0,0.0,0.0,0.0,0.91849600365625,0.0,13.260320048125
arcade,static,initial,1,steady,96,True,0.0,0.0,0.7385066668125,0.012533333447916668,0.009973333221354169,0.036096000470833334,0.061535998915624994,0.0,5.1488320396875,0.0,0.0,0.8913279991979165,0.0,0.0,0.0,0.0,0.0,0.0,0.0,0.0,0.0,0.0,0.0,0.0,0.0,0.0,0.0,0.5910506649270834,0.0,8.007061338854166
arcade,static,spatial,1,startup,32,True,0.0059049998531250005,0.004288000125,0.7169280052812501,0.012800000150000001,0.0099519998859375,0.043200000340625,0.061439999053125,0.0,5.06633591375,0.0,4.0156800103125,0.9195839975625,0.0,0.0,0.0,0.0,0.0,0.0,0.0,0.0,0.0,0.0,0.0,0.0,0.0,0.0,0.0,0.5357440005312499,0.0,11.878784046875001
arcade,static,spatial,1,steady,96,True,0.0,0.0,0.7219840039166666,0.012842666810416669,0.011946666616145836,0.03250133388645834,0.06155733269479166,0.0,5.103562595416667,0.0,4.062389271458333,0.9267519992916666,0.0,0.0,0.0,0.0,0.0,0.0,0.0,0.0,0.0,0.0,0.0,0.0,0.0,0.0,0.0,0.5269973317708333,0.0,11.946687974999998
arcade,static,temporal,1,startup,32,True,0.00880599988125,0.00783999984375,0.9820159973437499,0.023391999875,0.035520000598437504,0.06924799951249999,0.1325119996625,0.0,8.171839983125,1.06304000109375,0.0,1.4310079951875,0.0,0.0,0.0,0.0,0.0,0.0,0.0,0.0,0.0,0.0,0.0,0.0,0.0,0.0,0.0,0.8516800136875,0.0,13.4063361275
arcade,static,temporal,1,steady,96,True,0.0,0.0,0.7650559994062501,0.016170666719791667,0.009919999884375,0.029013333898958337,0.06244266693020833,0.0,5.537354712083332,1.0213119988125,0.0,0.9973973332708334,0.0,0.0,0.0,0.0,0.0,0.0,0.0,0.0,0.0,0.0,0.0,0.0,0.0,0.0,0.0,0.5542079986666667,0.0,9.553045344479166
bistro,motion,combined,1,hold,32,True,0.09366400340625,0.012544000125,2.9707839790625,0.054176000046875,0.012735999984375,0.082016000303125,0.069856000746875,0.0,8.203136037187498,0.90902400015625,10.53939197625,4.0959040118750005,0.0,0.0,0.0,0.0,0.0,0.0,0.0,0.0,0.0,0.0,0.0,0.0,0.0,0.0,0.0,5.461856096875,0.0,33.028447775000004
bistro,motion,combined,1,moving,64,True,0.0,0.0,2.64507201125,0.0385919995640625,0.011295999973437498,0.04448000003906251,0.057632001010937496,0.0,6.968159927187499,0.900752001984375,9.567807955625002,3.8522880021875,0.0,0.0,0.0,0.0,0.0,0.0,0.0,0.0,0.0,0.0,0.0,0.0,0.0,0.0,0.0,4.54457604765625,0.0,29.122207960937498
bistro,motion,combined,1,stopped,32,True,0.0,0.0,2.67580801375,0.039103999612499996,0.011167999962499998,0.048576000359374996,0.059616001074999994,0.0,7.023615922187499,0.9104319994375,9.180448044999999,3.8792320121875,0.0,0.0,0.0,0.0,0.0,0.0,0.0,0.0,0.0,0.0,0.0,0.0,0.0,0.0,0.0,4.4902721403125,0.0,28.837247978125
bistro,motion,initial,1,hold,32,True,0.13683200071875,0.01702400003125,3.7344960084374996,0.055487999965625,0.014304000125,0.10236800104687499,0.0865279993875,0.0,10.442272030937499,0.0,0.0,1.599808005625,0.0,0.0,0.0,0.0,0.0,0.0,0.0,0.0,0.0,0.0,0.0,0.0,0.0,0.0,0.0,6.92422406875,0.0,23.54694396875
bistro,motion,initial,1,moving,64,True,0.0,0.0,2.623183998125,0.040623999687499995,0.013792000114062498,0.04424000001875,0.0586240011625,0.0,6.87639996015625,0.0,0.0,1.1128319973437502,0.0,0.0,0.0,0.0,0.0,0.0,0.0,0.0,0.0,0.0,0.0,0.0,0.0,0.0,0.0,4.525216035,0.0,15.572767935937499
bistro,motion,initial,1,stopped,32,True,0.0,0.0,2.598815976875,0.039071999609375,0.011264,0.046784000246875,0.05987200088125,0.0,6.6910079615625,0.0,0.0,1.09571199625,0.0,0.0,0.0,0.0,0.0,0.0,0.0,0.0,0.0,0.0,0.0,0.0,0.0,0.0,0.0,4.4109441509375,0.0,15.280351975
bistro,motion,spatial,1,hold,32,True,0.11014400099999999,0.013279999625,3.2767040321875003,0.050655999540624996,0.013696000065624998,0.09001600164062498,0.07753600006875,0.0,9.211872034999999,0.0,6.175872013125,1.9838719921874999,0.0,0.0,0.0,0.0,0.0,0.0,0.0,0.0,0.0,0.0,0.0,0.0,0.0,0.0,0.0,6.172704075312501,0.0,27.653759987500003
bistro,motion,spatial,1,moving,64,True,0.0,0.0,2.53158400265625,0.0393279996359375,0.011359999993749998,0.044208000017187506,0.0574560011109375,0.0,6.712447968125,0.0,4.6204800089062505,1.440351996875,0.0,0.0,0.0,0.0,0.0,0.0,0.0,0.0,0.0,0.0,0.0,0.0,0.0,0.0,0.0,4.426928054843749,0.0,20.2009919984375
bistro,motion,spatial,1,stopped,32,True,0.0,0.0,2.6160640128125,0.0393279996375,0.011296000003124999,0.048064000315625,0.058400001203124996,0.0,6.6577279640625,0.0,4.53631998875,1.4451519975,0.0,0.0,0.0,0.0,0.0,0.0,0.0,0.0,0.0,0.0,0.0,0.0,0.0,0.0,0.0,4.4349121149999995,0.0,20.204320084375
bistro,motion,temporal,1,hold,32,True,0.07091200125,0.00822400034375,3.122112000625,0.06518399981875,0.031872000009375,0.075295999278125,0.06905600081874999,0.0,8.7314880234375,0.93727999953125,0.0,2.53068799,0.0,0.0,0.0,0.0,0.0,0.0,0.0,0.0,0.0,0.0,0.0,0.0,0.0,0.0,0.0,5.72428810125,0.0,21.815743871875
bistro,motion,temporal,1,moving,64,True,0.0,0.0,2.70659199609375,0.039503999653124997,0.011264,0.053679999721875,0.05713600108125,0.0,7.023887970156249,0.852495996734375,0.0,2.7892799948437497,0.0,0.0,0.0,0.0,0.0,0.0,0.0,0.0,0.0,0.0,0.0,0.0,0.0,0.0,0.0,4.64017602640625,0.0,18.626704021875
bistro,motion,temporal,1,stopped,32,True,0.0,0.0,2.7878400078125,0.057151999628125005,0.011296000003124999,0.048096000325,0.1292480024125,0.0,7.176447994375,1.0242879983750002,0.0,3.351360028125,0.0,0.0,0.0,0.0,0.0,0.0,0.0,0.0,0.0,0.0,0.0,0.0,0.0,0.0,0.0,4.90934408875,0.0,19.989952046874997
bistro,reset,combined,1,before-reset,64,True,0.051568001296875,0.00649599996875,2.81038399,0.06636800000781251,0.011903999999999998,0.0660160005515625,0.0654560008765625,0.0,8.24007998984375,0.94905599790625,10.56153603515625,4.21334397140625,0.0,0.0,0.0,0.0,0.0,0.0,0.0,0.0,0.0,0.0,0.0,0.0,0.0,0.0,0.0,5.188048039062499,0.0,32.819648128124996
bistro,reset,combined,1,after-reset,64,True,0.0,0.0,2.55598399515625,0.060687999939062494,0.011311999989062498,0.0481120003203125,0.060576001054687495,0.0,6.867295938593749,0.910464003015625,9.4731520228125,3.7317600170312497,0.0,0.0,0.0,0.0,0.0,0.0,0.0,0.0,0.0,0.0,0.0,0.0,0.0,0.0,0.0,4.593984071874999,0.0,28.817567975000003
bistro,reset,initial,1,before-reset,64,True,0.059679998265625,0.007071999796875,3.24683198765625,0.054559999754687505,0.012928000032812498,0.07235200089374999,0.0705600010578125,0.0,8.74166399953125,0.0,0.0,1.37606400515625,0.0,0.0,0.0,0.0,0.0,0.0,0.0,0.0,0.0,0.0,0.0,0.0,0.0,0.0,0.0,5.757056024375,0.0,19.7856160125
bistro,reset,initial,1,after-reset,64,True,0.0,0.0,2.5755200140625,0.0598560001984375,0.016767999982812497,0.04820800033125,0.0584640010875,0.0,7.00884795453125,0.0,0.0,1.1457439964062501,0.0,0.0,0.0,0.0,0.0,0.0,0.0,0.0,0.0,0.0,0.0,0.0,0.0,0.0,0.0,4.6984480434375,0.0,15.9155359828125
bistro,reset,spatial,1,before-reset,64,True,0.0692799985,0.008512000015625,2.9542079968749997,0.0457439997015625,0.012688000051562499,0.073280000203125,0.0703039999734375,0.0,8.122416031250001,0.0,5.439135994375,1.71108800515625,0.0,0.0,0.0,0.0,0.0,0.0,0.0,0.0,0.0,0.0,0.0,0.0,0.0,0.0,0.0,5.22638407953125,0.0,24.137296064062497
bistro,reset,spatial,1,after-reset,64,True,0.0,0.0,2.4754079821875,0.039039999609375,0.011375999996874997,0.048576000359374996,0.059312001232812495,0.0,6.64160001125,0.0,4.66590401609375,1.4535840060937497,0.0,0.0,0.0,0.0,0.0,0.0,0.0,0.0,0.0,0.0,0.0,0.0,0.0,0.0,0.0,4.448096073281251,0.0,20.195391925
bistro,reset,temporal,1,before-reset,64,True,0.040639999421875,0.0047359999375,3.0087199914062497,0.049855999932812506,0.012671999940625001,0.08528000086718748,0.07782400040156251,0.0,8.132192005156249,1.0358079966875,0.0,2.85569601546875,0.0,0.0,0.0,0.0,0.0,0.0,0.0,0.0,0.0,0.0,0.0,0.0,0.0,0.0,0.0,5.3347840218750004,0.0,21.165392078125002
bistro,reset,temporal,1,after-reset,64,True,0.0,0.0,2.47777598921875,0.043023999421875,0.0112319999671875,0.047984000306249996,0.058800001184375006,0.0,6.801183997343749,0.907008001265625,0.0,2.5677280065624997,0.0,0.0,0.0,0.0,0.0,0.0,0.0,0.0,0.0,0.0,0.0,0.0,0.0,0.0,0.0,4.5483360603125,0.0,17.910047959375
bistro,static,combined,1,startup,32,True,0.1137920025,0.01382400021875,3.17808001125,0.046303999846875,0.012800000018749999,0.083711999203125,0.0708160003125,0.0,8.972735956875,1.04425599590625,11.113632060625,4.3152319846875,0.0,0.0,0.0,0.0,0.0,0.0,0.0,0.0,0.0,0.0,0.0,0.0,0.0,0.0,0.0,5.650112055937501,0.0,35.199871862500004
bistro,static,combined,1,steady,96,True,0.0,0.0,2.5021760169791665,0.04960000010104166,0.011082666648958331,0.04755200028854167,0.06502400104270833,0.0,6.7612373196875,0.9012160019479168,9.373919999166667,3.7554133109375,0.0,0.0,0.0,0.0,0.0,0.0,0.0,0.0,0.0,0.0,0.0,0.0,0.0,0.0,0.0,4.492213407291666,0.0,28.458293294791662
bistro,static,initial,1,startup,32,True,0.1337920021875,0.01376,3.40566397,0.05206399988125,0.013728000009375,0.0920320018375,0.0795840006625,0.0,9.468864036875,0.0,0.0,1.4737279918750001,0.0,0.0,0.0,0.0,0.0,0.0,0.0,0.0,0.0,0.0,0.0,0.0,0.0,0.0,0.0,6.259424129687501,0.0,21.411040090625
bistro,static,initial,1,steady,96,True,0.0,0.0,2.4418346604166663,0.047999999633333325,0.011189333326041663,0.04785066696770832,0.05810133450729166,0.0,6.665386672083334,0.0,0.0,1.0790826713541668,0.0,0.0,0.0,0.0,0.0,0.0,0.0,0.0,0.0,0.0,0.0,0.0,0.0,0.0,0.0,4.415541414062499,0.0,15.075167997916665
bistro,static,spatial,1,startup,32,True,0.10838399603124999,0.0129919999375,3.3595839993750003,0.0510719993375,0.01401600000625,0.09004799961562499,0.078112000328125,0.0,9.1660799534375,0.0,6.1622719203125005,1.9171839990625,0.0,0.0,0.0,0.0,0.0,0.0,0.0,0.0,0.0,0.0,0.0,0.0,0.0,0.0,0.0,6.029856001875,0.0,27.442815946875
bistro,static,spatial,1,steady,96,True,0.0,0.0,2.4603413247916666,0.043679999686458325,0.011221333329166666,0.048256000327083326,0.05847466787708333,0.0,6.684991963541666,0.0,4.589301320416666,1.4563200006249997,0.0,0.0,0.0,0.0,0.0,0.0,0.0,0.0,0.0,0.0,0.0,0.0,0.0,0.0,0.0,4.447466753333333,0.0,20.152789342708335
bistro,static,temporal,1,startup,32,True,0.13593600309375,0.0175040004375,3.549503985625,0.05308799985,0.013888000081249999,0.10044799972499999,0.08399999998124999,0.0,9.6420160134375,1.1411519923125,0.0,2.556384005625,0.0,0.0,0.0,0.0,0.0,0.0,0.0,0.0,0.0,0.0,0.0,0.0,0.0,0.0,0.0,6.2445120846875,0.0,24.064607984375
bistro,static,temporal,1,steady,96,True,0.0,0.0,2.4547199951041665,0.041706666309374994,0.011306666670833332,0.047925333642708325,0.059840001151041676,0.0,6.645909297708332,0.9063466684687498,0.0,3.2566613178125006,0.0,0.0,0.0,0.0,0.0,0.0,0.0,0.0,0.0,0.0,0.0,0.0,0.0,0.0,0.0,4.4471466692708335,0.0,18.355541278125
cornell-box,motion,combined,1,hold,32,True,0.010090999921875,0.00835199990625,0.4271680026875,0.012991999815625,0.0125759997703125,0.05231999983125,0.083008000371875,0.0,6.960768003749999,0.5770879987187499,2.5380160046875,0.76671999478125,0.0,0.0,0.0,0.0,0.0,0.0,0.0,0.0,0.0,0.0,0.0,0.0,0.0,0.0,0.0,0.45513599796875,0.0,12.298624032812501
cornell-box,motion,combined,1,moving,64,True,0.0,0.0,0.28995200560937506,0.009231999847812502,0.009519999866406252,0.039856000514062496,0.059440001009375,0.0,4.5734399181250005,0.49286399925,1.709936006875,0.5779200010156249,0.0,0.0,0.0,0.0,0.0,0.0,0.0,0.0,0.0,0.0,0.0,0.0,0.0,0.0,0.0,0.30772800415625,0.0,8.38375999578125
cornell-box,motion,combined,1,stopped,32,True,0.0,0.0,0.28870400734375,0.00915199984125,0.009663999878125,0.055775999949999995,0.060224001015625,0.0,4.881279964375,0.4726720016875,1.7070079925,0.55097600125,0.0,0.0,0.0,0.0,0.0,0.0,0.0,0.0,0.0,0.0,0.0,0.0,0.0,0.0,0.0,0.29651200181250004,0.0,8.6344640290625
cornell-box,motion,initial,1,hold,32,True,0.01145299984375,0.01107200021875,0.58243200046875,0.014847999935937498,0.0143999999,0.05987200114062499,0.102080001146875,0.0,8.5843199665625,0.0,0.0,0.9012799985312498,0.0,0.0,0.0,0.0,0.0,0.0,0.0,0.0,0.0,0.0,0.0,0.0,0.0,0.0,0.0,0.5237120041875001,0.0,11.20102400875
cornell-box,motion,initial,1,moving,64,True,0.0,0.0,0.288032005390625,0.009343999855937502,0.009775999878125,0.0353919999984375,0.06113599989375,0.0,4.61963198140625,0.0,0.0,0.54555200396875,0.0,0.0,0.0,0.0,0.0,0.0,0.0,0.0,0.0,0.0,0.0,0.0,0.0,0.0,0.0,0.296464003703125,0.0,6.14315198546875
cornell-box,motion,initial,1,stopped,32,True,0.0,0.0,0.28844800543750004,0.009343999858125,0.00959999986875,0.0280319998375,0.05926400128749999,0.0,4.54249604,0.0,0.0,0.5103679978125,0.0,0.0,0.0,0.0,0.0,0.0,0.0,0.0,0.0,0.0,0.0,0.0,0.0,0.0,0.0,0.28816000553125,0.0,6.001279937187499
cornell-box,motion,spatial,1,hold,32,True,0.024624000828125,0.00835199990625,0.49385599687500004,0.0139839998359375,0.013343999829687498,0.049599999603125,0.08681600051874999,0.0,7.57321591625,0.0,2.6171840184375,0.7904319992187501,0.0,0.0,0.0,0.0,0.0,0.0,0.0,0.0,0.0,0.0,0.0,0.0,0.0,0.0,0.0,0.475616001875,0.0,12.49369595125
cornell-box,motion,spatial,1,moving,64,True,0.0,0.0,0.28774400621875007,0.009151999841875001,0.00969599987421875,0.03467200039687499,0.0590720011546875,0.0,4.597072074375,0.0,1.63684799640625,0.562799993453125,0.0,0.0,0.0,0.0,0.0,0.0,0.0,0.0,0.0,0.0,0.0,0.0,0.0,0.0,0.0,0.29040000553125,0.0,7.773503975312499
cornell-box,motion,spatial,1,stopped,32,True,0.0,0.0,0.288416007625,0.0089919998296875,0.009791999881250001,0.028063999956250002,0.059328001178125,0.0,4.585600109687499,0.0,1.6113600059375,0.580959995,0.0,0.0,0.0,0.0,0.0,0.0,0.0,0.0,0.0,0.0,0.0,0.0,0.0,0.0,0.0,0.29097600571875004,0.0,7.747551951249999
cornell-box,motion,temporal,1,hold,32,True,0.010444000040625,0.0085439996875,0.50323200034375,0.0141119999671875,0.014687999985937502,0.05222399869375,0.0931200006375,0.0,7.935775980625001,0.55721600065625,0.0,0.83372799240625,0.0,0.0,0.0,0.0,0.0,0.0,0.0,0.0,0.0,0.0,0.0,0.0,0.0,0.0,0.0,0.51920000234375,0.0,10.9531840709375
cornell-box,motion,temporal,1,moving,64,True,0.0,0.0,0.28766400481250004,0.009199999845625001,0.009631999871093751,0.04764800028749999,0.0595040006734375,0.0,4.51692791796875,0.475248000296875,0.0,0.571968001078125,0.0,0.0,0.0,0.0,0.0,0.0,0.0,0.0,0.0,0.0,0.0,0.0,0.0,0.0,0.0,0.29531200859374995,0.0,6.56744003203125
cornell-box,motion,temporal,1,stopped,32,True,0.0,0.0,0.2882560075,0.0090879998371875,0.009727999878125,0.051519999771875,0.059456001074999994,0.0,4.636639947187501,0.44931200134375,0.0,0.5558399987812499,0.0,0.0,0.0,0.0,0.0,0.0,0.0,0.0,0.0,0.0,0.0,0.0,0.0,0.0,0.0,0.28000000546875004,0.0,6.629760042812499
cornell-box,reset,combined,1,before-reset,64,True,0.006040500004687499,0.00451200003125,0.41075200690625,0.011375999928750002,0.011471999899218752,0.055167999520312504,0.07252800077812499,0.0,6.52420799421875,0.503456002671875,2.3144959959375004,0.749087998859375,0.0,0.0,0.0,0.0,0.0,0.0,0.0,0.0,0.0,0.0,0.0,0.0,0.0,0.0,0.0,0.387680001453125,0.0,11.47684800703125
cornell-box,reset,combined,1,after-reset,64,True,0.0,0.0,0.28857600598437505,0.00924799984953125,0.009807999880468751,0.0450719996359375,0.060320001145312496,0.0,4.9258240028125,0.47968000368749997,1.82534401125,0.5807520027968749,0.0,0.0,0.0,0.0,0.0,0.0,0.0,0.0,0.0,0.0,0.0,0.0,0.0,0.0,0.0,0.353776005640625,0.0,8.90275198671875
cornell-box,reset,initial,1,before-reset,64,True,0.0046239999859375,0.00427199984375,0.4009920040625,0.011567999828906252,0.011695999814843752,0.0538400004171875,0.0747840004265625,0.0,6.1195039746874995,0.0,0.0,0.6869599999375,0.0,0.0,0.0,0.0,0.0,0.0,0.0,0.0,0.0,0.0,0.0,0.0,0.0,0.0,0.0,0.36708800359374993,0.0,8.07959998984375
cornell-box,reset,initial,1,after-reset,64,True,0.0,0.0,0.2880800054375,0.00948799985359375,0.0094399998609375,0.0386720003859375,0.059968001121874996,0.0,4.5356159903125,0.0,0.0,0.53025599925,0.0,0.0,0.0,0.0,0.0,0.0,0.0,0.0,0.0,0.0,0.0,0.0,0.0,0.0,0.0,0.29916800782812497,0.0,6.040512060156249
cornell-box,reset,spatial,1,before-reset,64,True,0.0047789999375,0.0049280001875,0.3984000005,0.011503999927187501,0.011695999932812503,0.056608000156250005,0.0771359996140625,0.0,6.1585760037499995,0.0,2.2171039964062498,0.69115199696875,0.0,0.0,0.0,0.0,0.0,0.0,0.0,0.0,0.0,0.0,0.0,0.0,0.0,0.0,0.0,0.38737600371875003,0.0,10.4012639896875
cornell-box,reset,spatial,1,after-reset,64,True,0.0,0.0,0.28857600734375005,0.009151999840468751,0.009615999871093751,0.04123200002187499,0.06088000056875,0.0,4.82339197296875,0.0,1.6888320035937499,0.56825599396875,0.0,0.0,0.0,0.0,0.0,0.0,0.0,0.0,0.0,0.0,0.0,0.0,0.0,0.0,0.0,0.323616004875,0.0,8.096095989375
cornell-box,reset,temporal,1,before-reset,64,True,0.00716549976875,0.00236799996875,0.30273600265625,0.0099359999009375,0.010511999942968751,0.0502560002625,0.0638240001078125,0.0,5.04619201890625,0.495855998484375,0.0,0.6668800032187501,0.0,0.0,0.0,0.0,0.0,0.0,0.0,0.0,0.0,0.0,0.0,0.0,0.0,0.0,0.0,0.319312003265625,0.0,7.3054719690625
cornell-box,reset,temporal,1,after-reset,64,True,0.0,0.0,0.28916800279687505,0.00916799984125,0.009807999879687501,0.054464000071875004,0.059584000970312495,0.0,4.767840014843749,0.47270399959375,0.0,0.74703999671875,0.0,0.0,0.0,0.0,0.0,0.0,0.0,0.0,0.0,0.0,0.0,0.0,0.0,0.0,0.0,0.309520006609375,0.0,7.011775989375
cornell-box,static,combined,1,startup,32,True,0.00994799984375,0.00895999984375,0.46374400600000004,0.012991999921874999,0.012895999940625,0.049119999631249994,0.08332799988125,0.0,7.4056640153125,0.49612799928125,2.6610880025,0.7400639926874999,0.0,0.0,0.0,0.0,0.0,0.0,0.0,0.0,0.0,0.0,0.0,0.0,0.0,0.0,0.0,0.44640000409374997,0.0,12.855423965
cornell-box,static,combined,1,steady,96,True,0.0,0.0,0.28832000652083334,0.009407999853645835,0.009567999867187503,0.03570133363333333,0.060256000992708336,0.0,4.6102293132291665,0.45438933504166673,1.7141546538541663,0.55998933865625,0.0,0.0,0.0,0.0,0.0,0.0,0.0,0.0,0.0,0.0,0.0,0.0,0.0,0.0,0.0,0.29368534046875,0.0,8.334805325416667
cornell-box,static,initial,1,startup,32,True,0.009368000075,0.00921599984375,0.52419199175,0.01443199993125,0.014015999893749999,0.12281600208125001,0.09196800147812499,0.0,8.442591959687501,0.0,0.0,0.8813759958125,0.0,0.0,0.0,0.0,0.0,0.0,0.0,0.0,0.0,0.0,0.0,0.0,0.0,0.0,0.0,0.6155839977812501,0.0,11.07676792875
cornell-box,static,initial,1,steady,96,True,0.0,0.0,0.28855467353125,0.009322666522083335,0.009738666546354168,0.052469333147916665,0.05938133451458333,0.0,4.801557282395833,0.0,0.0,0.5766293319062501,0.0,0.0,0.0,0.0,0.0,0.0,0.0,0.0,0.0,0.0,0.0,0.0,0.0,0.0,0.0,0.32248533946874997,0.0,6.3995413558333345
cornell-box,static,spatial,1,startup,32,True,0.010517000200000001,0.00879999971875,0.44982399784375005,0.0125439998971875,0.012735999903125,0.07212800175625,0.08217600146250001,0.0,7.0055359953125,0.0,2.372351998125,0.7382399941875,0.0,0.0,0.0,0.0,0.0,0.0,0.0,0.0,0.0,0.0,0.0,0.0,0.0,0.0,0.0,0.44051200240625,0.0,11.56419194125
cornell-box,static,spatial,1,steady,96,True,0.0,0.0,0.28878933510416666,0.009119999840937502,0.009749333210937502,0.035754666595833325,0.059786667809375,0.0,4.606677322291667,0.0,1.6269120084375002,0.58280532715625,0.0,0.0,0.0,0.0,0.0,0.0,0.0,0.0,0.0,0.0,0.0,0.0,0.0,0.0,0.0,0.29366400401041665,0.0,7.804170711770833
cornell-box,static,temporal,1,startup,32,True,0.01044399984375,0.0112959996875,0.5625599978125001,0.0146240000271875,0.0142720000453125,0.059487999956249996,0.11004799915624999,0.0,8.666047929375,0.62604800053125,0.0,0.8690239914375,0.0,0.0,0.0,0.0,0.0,0.0,0.0,0.0,0.0,0.0,0.0,0.0,0.0,0.0,0.0,0.5477440035,0.0,11.901600009374999
cornell-box,static,temporal,1,steady,96,True,0.0,0.0,0.2885333384791667,0.009205333180104169,0.009738666543229168,0.035978666718749996,0.060885333603125,0.0,4.556981390520833,0.49798400109374996,0.0,0.5722453297291666,0.0,0.0,0.0,0.0,0.0,0.0,0.0,0.0,0.0,0.0,0.0,0.0,0.0,0.0,0.0,0.2800213397083333,0.0,6.616021341770833
